{
  "main": {
    "id": "36bc2119696f424a",
    "type": "split",
    "children": [
      {
        "id": "ae65a765dda3d0fa",
        "type": "tabs",
        "children": [
          {
            "id": "f609dd5029943a98",
            "type": "leaf",
            "state": {
              "type": "markdown",
              "state": {
                "file": "flows/factory console live data.md",
                "mode": "source",
                "source": false
              }
            }
          }
        ]
      }
    ],
    "direction": "vertical"
  },
  "left": {
    "id": "12c4022759d86e8b",
    "type": "split",
    "children": [
      {
        "id": "7b8a7877927788a4",
        "type": "tabs",
        "children": [
          {
            "id": "734e87f968fe48ac",
            "type": "leaf",
            "state": {
              "type": "file-explorer",
              "state": {
                "sortOrder": "alphabetical"
              }
            }
          },
          {
            "id": "8fa5d801bd6339bc",
            "type": "leaf",
            "state": {
              "type": "search",
              "state": {
                "query": "",
                "matchingCase": false,
                "explainSearch": false,
                "collapseAll": false,
                "extraContext": false,
                "sortOrder": "alphabetical"
              }
            }
          },
          {
            "id": "90a316f0f1e39147",
            "type": "leaf",
            "state": {
              "type": "bookmarks",
              "state": {}
            }
          }
        ]
      }
    ],
    "direction": "horizontal",
    "width": 300
  },
  "right": {
    "id": "89edc31b9a82e18d",
    "type": "split",
    "children": [
      {
        "id": "57230abc84564e42",
        "type": "tabs",
        "children": [
          {
            "id": "0896df22f38dbe17",
            "type": "leaf",
            "state": {
              "type": "backlink",
              "state": {
                "file": "flows/factory console live data.md",
                "collapseAll": false,
                "extraContext": false,
                "sortOrder": "alphabetical",
                "showSearch": false,
                "searchQuery": "",
                "backlinkCollapsed": false,
                "unlinkedCollapsed": true
              }
            }
          },
          {
            "id": "4017d790bb9d04ce",
            "type": "leaf",
            "state": {
              "type": "outgoing-link",
              "state": {
                "file": "flows/factory console live data.md",
                "linksCollapsed": false,
                "unlinkedCollapsed": true
              }
            }
          },
          {
            "id": "57f016a2ad93bfc8",
            "type": "leaf",
            "state": {
              "type": "tag",
              "state": {
                "sortOrder": "frequency",
                "useHierarchy": true
              }
            }
          },
          {
            "id": "17aacf708e20fa9a",
            "type": "leaf",
            "state": {
              "type": "outline",
              "state": {
                "file": "flows/factory console live data.md"
              }
            }
          },
          {
            "id": "006725ce8700a775",
            "type": "leaf",
            "state": {
              "type": "QUICKSHARE_SIDE_VIEW",
              "state": {}
            }
          }
        ],
        "currentTab": 4
      }
    ],
    "direction": "horizontal",
    "width": 300,
    "collapsed": true
  },
  "left-ribbon": {
    "hiddenItems": {
      "switcher:Open quick switcher": false,
      "graph:Open graph view": false,
      "canvas:Create new canvas": false,
      "daily-notes:Open today's daily note": false,
      "templates:Insert template": false,
      "command-palette:Open command palette": false,
      "obsidian-markbase:Sync all Markbase projects": false,
      "obsidian-to-notion:Share to notion": false
    }
  },
  "active": "f609dd5029943a98",
  "lastOpenFiles": [
    "WPM Trainings/Video Session 8 - WPM Report Server.md",
    "WPM Trainings/Video Session 9 - WPM Factory Server.md",
    "WPM Trainings/Video Session 6 - WPM Postmaster.md",
    "flows/factory console live data.md",
    "flows.zip~RF481cbb4.TMP",
    "flows.zip",
    "C sharp extras/C sharp related stuff.md",
    "backend flow.md",
    "C sharp extras",
    "Pasted image 20230905183825.png",
    "Pasted image 20230905183821.png",
    "Untitled.md",
    "Pasted image 20230904175813.png",
    "Pasted image 20230904175640.png",
    "WPM Trainings/Sustenance Training Lecture 2.md",
    "flows",
    "WPM Trainings/Sustenance Training Lecture 1 - KPIs Overview + Debugging Process.md",
    "WPM Trainings/In-Person Lecture 4 - Conveyer and Placement Modes 10-8-2023.md",
    "WPM Trainings/In-Person Lecture 1 - Board Data and KPIs.md",
    "WPM Trainings/db tables.md",
    "WPM Trainings/Video Session 10 - Line and Factory DB.md",
    "WPM Trainings/Video Session 4 - ASM OIB.md",
    "WPM Trainings/Video Session 11 - Recipe Download and Board Event.md",
    "WPM Trainings/Video Session 2 - Postmaster Responsibilities.md",
    "WPM Trainings/Video Session 0 - What is WPM.md"
  ]
}